﻿<?xml version="1.0" encoding="utf-8" standalone="yes"?>
<Passengers>
  <Passenger>
    <Citizenship>USA</Citizenship>
    <PassportNumber>0748977E998EV8</PassportNumber>
    <Sex>M</Sex>
    <FullName>Jeffrey Richter</FullName>
    <DateOfBirth>1990-07-26T00:00:00</DateOfBirth>
    <TermOfPassportDate>2035-07-26T00:00:00</TermOfPassportDate>
    <CountryOfResidence>USA</CountryOfResidence>
    <PhoneMobile>375(33)213-32-32</PhoneMobile>
    <Email>Jeffrey@Richter.com</Email>
  </Passenger>
</Passengers>